
-- – order 테이블 예시 데이터
INSERT INTO `order` (user_seq, price, status, recipient, recipient_phone, recipient_address, memo, created_at)
VALUES
(1, 50000, '배송중', '김철수', '010-1234-5678', '서울시 강남구 123', NULL, '2023-07-15 10:00:00'),
(2, 60000, '배송완료', '박영희', '010-2345-6789', '서울시 서초구 456', NULL, '2023-07-15 10:05:00'),
(3, 70000, '주문접수', '이민수', '010-3456-7890', '서울시 송파구 789', NULL, '2023-07-15 10:10:00'),
(4, 80000, '배송중', '최지현', '010-4567-8901', '서울시 강동구 101', NULL, '2023-07-15 10:15:00'),
(5, 90000, '배송완료', '윤서준', '010-5678-9012', '서울시 동작구 202', NULL, '2023-07-15 10:20:00'),
(6, 100000, '주문접수', '배성훈', '010-6789-0123', '서울시 노원구 303', NULL, '2023-07-15 10:25:00'),
(7, 110000, '배송중', '정민지', '010-7890-1234', '서울시 도봉구 404', NULL, '2023-07-15 10:30:00'),
(8, 120000, '배송완료', '김하나', '010-8901-2345', '서울시 성북구 505', NULL, '2023-07-15 10:35:00'),
(9, 130000, '주문접수', '박두리', '010-9012-3456', '서울시 강서구 606', NULL, '2023-07-15 10:40:00'),
(10, 140000, '배송중', '이해솔', '010-0123-4567', '서울시 구로구 707', NULL, '2023-07-15 10:45:00'),
(11, 150000, '배송완료', '최지우', '010-1234-5678', '서울시 금천구 808', NULL, '2023-07-15 10:50:00'),
(12, 160000, '주문접수', '윤주원', '010-2345-6789', '서울시 영등포구 909', NULL, '2023-07-15 10:55:00'),
(13, 170000, '배송중', '배지민', '010-3456-7890', '서울시 용산구 1010', NULL, '2023-07-15 11:00:00'),
(14, 180000, '배송완료', '정수민', '010-4567-8901', '서울시 종로구 1111', NULL, '2023-07-15 11:05:00'),
(15, 190000, '주문접수', '김소윤', '010-5678-9012', '서울시 중구 1212', NULL, '2023-07-15 11:10:00'),
(16, 200000, '배송중', '박은서', '010-6789-0123', '서울시 동대문구 1313', NULL, '2023-07-15 11:15:00'),
(17, 210000, '배송완료', '이승우', '010-7890-1234', '서울시 성동구 1414', NULL, '2023-07-15 11:20:00'),
(18, 220000, '주문접수', '최연수', '010-8901-2345', '서울시 마포구 1515', NULL, '2023-07-15 11:25:00'),
(19, 230000, '배송중', '윤다빈', '010-9012-3456', '서울시 서대문구 1616', NULL, '2023-07-15 11:30:00'),
(20, 240000, '배송완료', '배시온', '010-0123-4567', '서울시 강북구 1717', NULL, '2023-07-15 11:35:00'),
(15, 190000, '주문접수', '김소윤', '010-5678-9012', '서울시 중구 1212', NULL, '2023-07-15 11:10:00'),
(16, 200000, '배송중', '박은서', '010-6789-0123', '서울시 동대문구 1313', NULL, '2023-07-15 11:15:00'),
(17, 210000, '배송완료', '이승우', '010-7890-1234', '서울시 성동구 1414', NULL, '2023-07-15 11:20:00'),
(18, 220000, '주문접수', '최연수', '010-8901-2345', '서울시 마포구 1515', NULL, '2023-07-15 11:25:00'),
(19, 230000, '배송중', '윤다빈', '010-9012-3456', '서울시 서대문구 1616', NULL, '2023-07-15 11:30:00'),
(20, 240000, '배송완료', '배시온', '010-0123-4567', '서울시 강북구 1717', NULL, '2023-07-15 11:35:00');

-- – order_goods 테이블 예시 데이터
INSERT INTO order_goods (order_seq, option_seq, count, courier, courier_seq, status, created_at)
VALUES
(1, 1, 2, 'CJ대한통운', '123456', '배송중', '2023-07-15 10:00:00'),
(2, 2, 1, '한진택배', '234567', '배송완료', '2023-07-15 10:05:00'),
(3, 3, 4, '로젠택배', '345678', '주문접수', '2023-07-15 10:10:00'),
(4, 4, 1, '우체국택배', '456789', '배송중', '2023-07-15 10:15:00'),
(5, 5, 2, 'CJ대한통운', '567890', '배송완료', '2023-07-15 10:20:00'),
(6, 6, 3, '한진택배', '678901', '주문접수', '2023-07-15 10:25:00'),
(7, 7, 4, '로젠택배', '789012', '배송중', '2023-07-15 10:30:00'),
(8, 8, 1, '우체국택배', '890123', '배송완료', '2023-07-15 10:35:00'),
(9, 9, 2, 'CJ대한통운', '901234', '주문접수', '2023-07-15 10:40:00'),
(10, 10, 3, '한진택배', '012345', '배송중', '2023-07-15 10:45:00'),
(11, 11, 4, '로젠택배', '123456', '배송완료', '2023-07-15 10:50:00'),
(12, 12, 1, '우체국택배', '234567', '주문접수', '2023-07-15 10:55:00'),
(13, 13, 2, 'CJ대한통운', '345678', '배송중', '2023-07-15 11:00:00'),
(14, 14, 3, '한진택배', '456789', '배송완료', '2023-07-15 11:05:00'),
(15, 15, 4, '로젠택배', '567890', '주문접수', '2023-07-15 11:10:00'),
(16, 16, 1, '우체국택배', '678901', '배송중', '2023-07-15 11:15:00'),
(17, 17, 2, 'CJ대한통운', '789012', '배송완료', '2023-07-15 11:20:00'),
(18, 18, 3, '한진택배', '890123', '주문접수', '2023-07-15 11:25:00'),
(19, 19, 4, '로젠택배', '901234', '배송중', '2023-07-15 11:30:00'),
(20, 20, 1, '우체국택배', '012345', '배송완료', '2023-07-15 11:35:00');

-- – return 테이블 예시 데이터
INSERT INTO `return` (order_goods_seq, count, courier, courier_seq, status, apply_return_at)
VALUES
(1, 1, 'CJ대한통운', '123456', '반품접수', '2023-07-15 10:00:00'),
(2, 1, '한진택배', '234567', '반품완료', '2023-07-15 10:05:00'),
(3, 1, '로젠택배', '345678', '반품진행중', '2023-07-15 10:10:00'),
(4, 1, '우체국택배', '456789', '반품접수', '2023-07-15 10:15:00'),
(5, 1, 'CJ대한통운', '567890', '반품완료', '2023-07-15 10:20:00'),
(6, 1, '한진택배', '678901', '반품진행중', '2023-07-15 10:25:00'),
(7, 1, '로젠택배', '789012', '반품접수', '2023-07-15 10:30:00'),
(8, 1, '우체국택배', '890123', '반품완료', '2023-07-15 10:35:00'),
(9, 1, 'CJ대한통운', '901234', '반품진행중', '2023-07-15 10:40:00'),
(10, 1, '한진택배', '012345', '반품접수', '2023-07-15 10:45:00'),
(11, 1, '로젠택배', '123456', '반품완료', '2023-07-15 10:50:00'),
(12, 1, '우체국택배', '234567', '반품진행중', '2023-07-15 10:55:00'),
(13, 1, 'CJ대한통운', '345678', '반품접수', '2023-07-15 11:00:00'),
(14, 1, '한진택배', '456789', '반품완료', '2023-07-15 11:05:00'),
(15, 1, '로젠택배', '567890', '반품진행중', '2023-07-15 11:10:00'),
(16, 1, '우체국택배', '678901', '반품접수', '2023-07-15 11:15:00'),
(17, 1, 'CJ대한통운', '789012', '반품완료', '2023-07-15 11:20:00'),
(18, 1, '한진택배', '890123', '반품진행중', '2023-07-15 11:25:00'),
(19, 1, '로젠택배', '901234', '반품접수', '2023-07-15 11:30:00'),
(20, 1, '우체국택배', '012345', '반품완료', '2023-07-15 11:35:00');

-- review 테이블 예시 데이터
INSERT INTO `review` (`user_seq`, `order_goods_seq`, `review_content`, `created_at`, `updated_at`)
VALUES 
(1, 1, '훌륭한 참치회입니다!', '2023-07-15 12:00:00', NULL),
(2, 2, '맛있어요!', '2023-07-15 12:30:00', NULL),
(3, 3, '그냥 그래요', '2023-07-15 13:00:00', NULL),
(4, 4, '최고예요!', '2023-07-15 13:30:00', NULL),
(5, 5, '다시 사고 싶어요', '2023-07-15 14:00:00', NULL),
(6, 6, '별로예요', '2023-07-15 14:30:00', NULL),
(7, 7, '괜찮아요', '2023-07-15 15:00:00', NULL),
(8, 8, '좋아요', '2023-07-15 15:30:00', NULL),
(9, 9, '다음에 또 살게요', '2023-07-15 16:00:00', NULL),
(10, 10, '만족합니다', '2023-07-15 16:30:00', NULL),
(11, 11, '추천합니다', '2023-07-15 17:00:00', NULL),
(12, 12, '최고의 품질', '2023-07-15 17:30:00', NULL),
(13, 13, '가격 대비 좋습니다', '2023-07-15 18:00:00', NULL),
(14, 14, '배송도 빠르고 좋아요', '2023-07-15 18:30:00', NULL);


-- – point_history 테이블 예시 데이터
INSERT INTO point_history (order_goods_seq, user_seq, point, create_at)
VALUES
(1, 1, 100, '2023-07-15 10:00:00'),
(2, 2, 200, '2023-07-15 10:05:00'),
(3, 3, 300, '2023-07-15 10:10:00'),
(4, 4, 400, '2023-07-15 10:15:00'),
(5, 5, 500, '2023-07-15 10:20:00'),
(6, 6, 600, '2023-07-15 10:25:00'),
(7, 7, 700, '2023-07-15 10:30:00'),
(8, 8, 800, '2023-07-15 10:35:00'),
(9, 9, 900, '2023-07-15 10:40:00'),
(10, 10, 1000, '2023-07-15 10:45:00'),
(11, 11, 1100, '2023-07-15 10:50:00'),
(12, 12, 1200, '2023-07-15 10:55:00'),
(13, 13, 1300, '2023-07-15 11:00:00'),
(14, 14, 1400, '2023-07-15 11:05:00'),
(15, 15, 1500, '2023-07-15 11:10:00'),
(16, 16, 1600, '2023-07-15 11:15:00'),
(17, 17, 1700, '2023-07-15 11:20:00'),
(18, 18, 1800, '2023-07-15 11:25:00'),
(19, 19, 1900, '2023-07-15 11:30:00'),
(20, 20, 2000, '2023-07-15 11:35:00');